"{:name=>""Tackle"", :valid_pokemons=>[""Bulbasaur"", ""Ivysaur"", ""Venusaur"", ""Squirtle"", ""Wartortle"", ""Blastoise"", ""Caterpie"", ""Pidgey"", ""Pidgeotto"", ""Pidgeot"", ""Rattata"", ""Raticate"", ""Venonat"", ""Venomoth"", ""Geodude"", ""Graveler"", ""Golem"", ""Ponyta"", ""Slowpoke"", ""Slowbro"", ""Magnemite"", ""Magneton"", ""Shellder"", ""Onix"", ""Voltorb"", ""Electrode"", ""Koffing"", ""Weezing"", ""Staryu"", ""Tauros"", ""Magikarp"", ""Eevee"", ""Vaporeon"", ""Jolteon"", ""Flareon"", ""Porygon"", ""Snorlax"", ""Porygon""]}"
"{:name=>""Vine Whip"", :valid_pokemons=>[""Bulbasaur"", ""Ivysaur"", ""Venusaur"", ""Venusaur"", ""Bellsprout"", ""Weepinbell"", ""Victreebel"", ""Tangela""]}"
"{:name=>""Power Whip"", :valid_pokemons=>[""Lickitung"", ""Tangela"", ""Bulbasaur"", ""Ivysaur"", ""Venusaur"", ""Bellsprout"", ""Weepinbell"", ""Victreebel""]}"
"{:name=>""Seed Bomb"", :valid_pokemons=>[""Bulbasaur"", ""Exeggutor"", ""Bulbasaur"", ""Ivysaur"", ""Venusaur"", ""Ekans"", ""Arbok"", ""Oddish"", ""Gloom"", ""Vileplume"", ""Paras"", ""Parasect"", ""Meowth"", ""Persian"", ""Mankey"", ""Primeape"", ""Bellsprout"", ""Weepinbell"", ""Victreebel"", ""Exeggcute"", ""Exeggutor"", ""Tangela"", ""Snorlax""]}"
"{:name=>""Sludge Bomb"", :valid_pokemons=>[""Grimer"", ""Muk"", ""Koffing"", ""Weezing"", ""Bulbasaur"", ""Ivysaur"", ""Venusaur"", ""Beedrill"", ""Ekans"", ""Arbok"", ""Nidoran"", ""Nidorina"", ""Nidoqueen"", ""Nidoran"", ""Nidorino"", ""Nidoking"", ""Zubat"", ""Golbat"", ""Oddish"", ""Gloom"", ""Vileplume"", ""Paras"", ""Parasect"", ""Venonat"", ""Venomoth"", ""Diglett"", ""Dugtrio"", ""Bellsprout"", ""Weepinbell"", ""Victreebel"", ""Tentacool"", ""Tentacruel"", ""Grimer"", ""Muk"", ""Gastly"", ""Haunter"", ""Gengar"", ""Exeggcute"", ""Exeggutor"", ""Koffing"", ""Weezing"", ""Tangela""]}"
"{:name=>""Razor Leaf"", :valid_pokemons=>[""Bulbasaur"", ""Ivysaur"", ""Venusaur"", ""Bellsprout"", ""Weepinbell"", ""Victreebel"", ""Oddish"", ""Gloom"", ""Vileplume""]}"
"{:name=>""Solar Beam"", :valid_pokemons=>[""Ivysaur"", ""Venusaur"", ""Vileplume"", ""Exeggcute"", ""Moltres"", ""Bulbasaur"", ""Ivysaur"", ""Venusaur"", ""Charizard"", ""Butterfree"", ""Beedrill"", ""Clefairy"", ""Clefable"", ""Ninetales"", ""Jigglypuff"", ""Wigglytuff"", ""Oddish"", ""Gloom"", ""Vileplume"", ""Paras"", ""Parasect"", ""Venonat"", ""Venomoth"", ""Arcanine"", ""Bellsprout"", ""Weepinbell"", ""Victreebel"", ""Ponyta"", ""Rapidash"", ""Exeggcute"", ""Exeggutor"", ""Lickitung"", ""Chansey"", ""Tangela"", ""Kangaskhan"", ""Mr"", ""Tauros"", ""Porygon"", ""Snorlax"", ""Moltres"", ""Mewtwo"", ""Porygon""]}"
"{:name=>""Petal Blizzard"", :valid_pokemons=>[""Venusaur"", ""Gloom"", ""Vileplume""]}"
"{:name=>""Ember"", :valid_pokemons=>[""Charmander"", ""Charmeleon"", ""Charmeleon"", ""Charizard"", ""Charizard"", ""Vulpix"", ""Growlithe"", ""Ponyta"", ""Rapidash"", ""Rapidash"", ""Magmar"", ""Magmar"", ""Flareon"", ""Moltres""]}"
"{:name=>""Scratch"", :valid_pokemons=>[""Charmander"", ""Charmeleon"", ""Charizard"", ""Sandshrew"", ""Sandslash"", ""Nidoran"", ""Nidorina"", ""Nidoqueen"", ""Paras"", ""Parasect"", ""Diglett"", ""Dugtrio"", ""Meowth"", ""Persian"", ""Psyduck"", ""Golduck"", ""Mankey"", ""Primeape"", ""Kabuto"", ""Kabutops""]}"
"{:name=>""Flame Burst"", :valid_pokemons=>[""Charmander"", ""Charmeleon"", ""Charizard"", ""Vulpix"", ""Growlithe"", ""Magmar""]}"
"{:name=>""Flame Charge"", :valid_pokemons=>[""Ponyta"", ""Rapidash"", ""Charmander"", ""Charmeleon"", ""Charizard"", ""Vulpix"", ""Ninetales"", ""Growlithe"", ""Arcanine"", ""Ponyta"", ""Rapidash"", ""Magmar"", ""Flareon"", ""Moltres""]}"
"{:name=>""Flamethrower"", :valid_pokemons=>[""Charmander"", ""Charmeleon"", ""Charizard"", ""Vulpix"", ""Ninetales"", ""Growlithe"", ""Magmar"", ""Moltres"", ""Charmander"", ""Charmeleon"", ""Charizard"", ""Nidoqueen"", ""Nidoking"", ""Clefairy"", ""Clefable"", ""Vulpix"", ""Ninetales"", ""Jigglypuff"", ""Wigglytuff"", ""Growlithe"", ""Arcanine"", ""Machop"", ""Machoke"", ""Machamp"", ""Geodude"", ""Graveler"", ""Golem"", ""Ponyta"", ""Rapidash"", ""Slowpoke"", ""Slowbro"", ""Grimer"", ""Muk"", ""Cubone"", ""Marowak"", ""Lickitung"", ""Koffing"", ""Weezing"", ""Rhyhorn"", ""Rhydon"", ""Chansey"", ""Kangaskhan"", ""Magmar"", ""Tauros"", ""Gyarados"", ""Flareon"", ""Aerodactyl"", ""Snorlax"", ""Moltres"", ""Dratini"", ""Dragonair"", ""Dragonite"", ""Mewtwo""]}"
"{:name=>""Fire Punch"", :valid_pokemons=>[""Hitmonchan"", ""Magmar"", ""Dragonite"", ""Abra"", ""Kadabra"", ""Alakazam"", ""Machop"", ""Machoke"", ""Machamp"", ""Gastly"", ""Haunter"", ""Gengar"", ""Drowzee"", ""Hypno"", ""Electabuzz"", ""Charmander"", ""Charmeleon"", ""Charizard"", ""Nidoqueen"", ""Nidoking"", ""Clefairy"", ""Clefable"", ""Jigglypuff"", ""Wigglytuff"", ""Mankey"", ""Primeape"", ""Abra"", ""Kadabra"", ""Alakazam"", ""Machop"", ""Machoke"", ""Machamp"", ""Geodude"", ""Graveler"", ""Golem"", ""Grimer"", ""Muk"", ""Gastly"", ""Haunter"", ""Gengar"", ""Drowzee"", ""Hypno"", ""Cubone"", ""Marowak"", ""Hitmonchan"", ""Lickitung"", ""Rhydon"", ""Chansey"", ""Kangaskhan"", ""Mr"", ""Electabuzz"", ""Magmar"", ""Snorlax"", ""Dragonite"", ""Mewtwo""]}"
"{:name=>""Wing Attack"", :valid_pokemons=>[""Charizard"", ""Pidgey"", ""Pidgeotto"", ""Pidgeot"", ""Zubat"", ""Golbat"", ""Scyther"", ""Aerodactyl"", ""Moltres"", ""Dragonite""]}"
"{:name=>""Dragon Claw"", :valid_pokemons=>[""Charizard"", ""Charmander"", ""Charmeleon"", ""Charizard"", ""Aerodactyl"", ""Dragonite""]}"
"{:name=>""Fire Blast"", :valid_pokemons=>[""Vulpix"", ""Ponyta"", ""Rapidash"", ""Magmar"", ""Charmander"", ""Charmeleon"", ""Charizard"", ""Nidoqueen"", ""Nidoking"", ""Clefairy"", ""Clefable"", ""Vulpix"", ""Ninetales"", ""Jigglypuff"", ""Wigglytuff"", ""Growlithe"", ""Arcanine"", ""Machop"", ""Machoke"", ""Machamp"", ""Geodude"", ""Graveler"", ""Golem"", ""Ponyta"", ""Rapidash"", ""Slowpoke"", ""Slowbro"", ""Grimer"", ""Muk"", ""Cubone"", ""Marowak"", ""Lickitung"", ""Koffing"", ""Weezing"", ""Rhyhorn"", ""Rhydon"", ""Chansey"", ""Kangaskhan"", ""Magmar"", ""Tauros"", ""Gyarados"", ""Flareon"", ""Aerodactyl"", ""Snorlax"", ""Moltres"", ""Dratini"", ""Dragonair"", ""Dragonite"", ""Mewtwo""]}"
"{:name=>""Bubble"", :valid_pokemons=>[""Squirtle"", ""Wartortle"", ""Blastoise"", ""Poliwag"", ""Poliwhirl"", ""Krabby"", ""Kingler"", ""Horsea"", ""Seadra"", ""Tentacool"", ""Tentacruel""]}"
"{:name=>""Aqua Jet"", :valid_pokemons=>[""Golduck"", ""Seel"", ""Dewgong"", ""Kabuto"", ""Kabutops"", ""Squirtle"", ""Wartortle"", ""Blastoise"", ""Dratini"", ""Dragonair"", ""Dragonite""]}"
"{:name=>""Aqua Tail"", :valid_pokemons=>[""Squirtle"", ""Wartortle"", ""Blastoise"", ""Psyduck"", ""Golduck"", ""Seel"", ""Dewgong"", ""Gyarados"", ""Dratini"", ""Dragonair"", ""Dragonite"", ""Goldeen"", ""Seaking"", ""Squirtle"", ""Wartortle"", ""Blastoise"", ""Ekans"", ""Arbok"", ""Nidoqueen"", ""Nidoking"", ""Psyduck"", ""Golduck"", ""Slowpoke"", ""Slowbro"", ""Seel"", ""Dewgong"", ""Lickitung"", ""Rhyhorn"", ""Rhydon"", ""Kangaskhan"", ""Goldeen"", ""Seaking"", ""Gyarados"", ""Lapras"", ""Vaporeon"", ""Kabutops"", ""Aerodactyl"", ""Dratini"", ""Dragonair"", ""Dragonite"", ""Mewtwo""]}"
"{:name=>""Water Pulse"", :valid_pokemons=>[""Squirtle"", ""Wartortle"", ""Blastoise"", ""Psyduck"", ""Golduck"", ""Tentacool"", ""Tentacruel"", ""Slowpoke"", ""Slowbro"", ""Goldeen"", ""Seaking"", ""Lapras"", ""Vaporeon"", ""Poliwag"", ""Poliwhirl"", ""Poliwrath"", ""Seel"", ""Dewgong"", ""Shellder"", ""Cloyster"", ""Horsea"", ""Seadra"", ""Omanyte"", ""Omastar"", ""Dratini"", ""Dragonair"", ""Dragonite"", ""Squirtle"", ""Wartortle"", ""Blastoise"", ""Nidoran"", ""Nidorina"", ""Nidoqueen"", ""Nidoran"", ""Nidorino"", ""Nidoking"", ""Clefairy"", ""Clefable"", ""Jigglypuff"", ""Wigglytuff"", ""Meowth"", ""Persian"", ""Psyduck"", ""Golduck"", ""Poliwag"", ""Poliwhirl"", ""Poliwrath"", ""Tentacool"", ""Tentacruel"", ""Slowpoke"", ""Slowbro"", ""Seel"", ""Dewgong"", ""Shellder"", ""Cloyster"", ""Krabby"", ""Kingler"", ""Lickitung"", ""Chansey"", ""Kangaskhan"", ""Horsea"", ""Seadra"", ""Goldeen"", ""Seaking"", ""Staryu"", ""Starmie"", ""Jynx"", ""Tauros"", ""Gyarados"", ""Lapras"", ""Vaporeon"", ""Omanyte"", ""Omastar"", ""Kabuto"", ""Kabutops"", ""Snorlax"", ""Articuno"", ""Dratini"", ""Dragonair"", ""Dragonite"", ""Mewtwo""]}"
"{:name=>""Bite"", :valid_pokemons=>[""Squirtle"", ""Wartortle"", ""Blastoise"", ""Rattata"", ""Raticate"", ""Ekans"", ""Arbok"", ""Arbok"", ""Nidoran"", ""Nidorina"", ""Zubat"", ""Golbat"", ""Golbat"", ""Meowth"", ""Persian"", ""Persian"", ""Growlithe"", ""Arcanine"", ""Kangaskhan"", ""Gyarados"", ""Eevee"", ""Flareon"", ""Omanyte"", ""Omastar"", ""Omastar"", ""Aerodactyl"", ""Zygarde"", ""Charmander"", ""Charmeleon"", ""Charizard"", ""Rattata"", ""Raticate""]}"
"{:name=>""Water Gun"", :valid_pokemons=>[""Squirtle"", ""Wartortle"", ""Wartortle"", ""Blastoise"", ""Blastoise"", ""Psyduck"", ""Golduck"", ""Golduck"", ""Poliwag"", ""Poliwhirl"", ""Poliwhirl"", ""Slowpoke"", ""Slowbro"", ""Horsea"", ""Seadra"", ""Seadra"", ""Staryu"", ""Starmie"", ""Lapras"", ""Vaporeon"", ""Omanyte"", ""Omastar""]}"
"{:name=>""Hydro Pump"", :valid_pokemons=>[""Squirtle"", ""Wartortle"", ""Blastoise"", ""Psyduck"", ""Golduck"", ""Poliwag"", ""Poliwhirl"", ""Tentacool"", ""Tentacruel"", ""Shellder"", ""Cloyster"", ""Horsea"", ""Seadra"", ""Seadra"", ""Staryu"", ""Starmie"", ""Gyarados"", ""Lapras"", ""Vaporeon"", ""Omanyte"", ""Omastar"", ""Omastar"", ""Goldeen"", ""Seaking"", ""Bulbasaur"", ""Ivysaur"", ""Venusaur"", ""Oddish"", ""Gloom"", ""Vileplume"", ""Paras"", ""Parasect"", ""Bellsprout"", ""Weepinbell"", ""Victreebel"", ""Geodude"", ""Graveler"", ""Golem"", ""Onix"", ""Exeggcute"", ""Exeggutor"", ""Tangela"", ""Kabutops""]}"
"{:name=>""Ice Beam"", :valid_pokemons=>[""Seel"", ""Dewgong"", ""Shellder"", ""Lapras"", ""Articuno"", ""Squirtle"", ""Wartortle"", ""Blastoise"", ""Rattata"", ""Raticate"", ""Nidoran"", ""Nidorina"", ""Nidoqueen"", ""Nidoran"", ""Nidorino"", ""Nidoking"", ""Clefairy"", ""Clefable"", ""Jigglypuff"", ""Wigglytuff"", ""Psyduck"", ""Golduck"", ""Poliwag"", ""Poliwhirl"", ""Poliwrath"", ""Tentacool"", ""Tentacruel"", ""Slowpoke"", ""Slowbro"", ""Seel"", ""Dewgong"", ""Shellder"", ""Cloyster"", ""Krabby"", ""Kingler"", ""Cubone"", ""Marowak"", ""Lickitung"", ""Rhyhorn"", ""Rhydon"", ""Chansey"", ""Kangaskhan"", ""Horsea"", ""Seadra"", ""Goldeen"", ""Seaking"", ""Staryu"", ""Starmie"", ""Jynx"", ""Tauros"", ""Gyarados"", ""Lapras"", ""Vaporeon"", ""Porygon"", ""Omanyte"", ""Omastar"", ""Kabuto"", ""Kabutops"", ""Snorlax"", ""Articuno"", ""Dratini"", ""Dragonair"", ""Dragonite"", ""Mewtwo"", ""Porygon"", ""Bulbasaur"", ""Ivysaur"", ""Venusaur"", ""Oddish"", ""Gloom"", ""Vileplume"", ""Paras"", ""Parasect"", ""Bellsprout"", ""Weepinbell"", ""Victreebel"", ""Geodude"", ""Graveler"", ""Golem"", ""Onix"", ""Exeggcute"", ""Exeggutor"", ""Tangela"", ""Kabutops""]}"
"{:name=>""Flash Cannon"", :valid_pokemons=>[""Blastoise"", ""Magnemite"", ""Magneton"", ""Blastoise"", ""Magnemite"", ""Magneton"", ""Onix"", ""Horsea"", ""Seadra"", ""Staryu"", ""Starmie""]}"
"{:name=>""Bug Bite"", :valid_pokemons=>[""Caterpie"", ""Weedle"", ""Paras"", ""Parasect"", ""Venonat"", ""Venomoth"", ""Pinsir"", ""Caterpie"", ""Metapod"", ""Butterfree"", ""Weedle"", ""Kakuna"", ""Beedrill"", ""Paras"", ""Parasect"", ""Venonat"", ""Venomoth"", ""Scyther"", ""Pinsir"", ""Weepinbell"", ""Victreebel""]}"
{}
"{:name=>""Confusion"", :valid_pokemons=>[""Butterfree"", ""Butterfree"", ""Venonat"", ""Venomoth"", ""Psyduck"", ""Golduck"", ""Kadabra"", ""Kadabra"", ""Alakazam"", ""Alakazam"", ""Slowpoke"", ""Slowbro"", ""Drowzee"", ""Hypno"", ""Hypno"", ""Exeggcute"", ""Exeggutor"", ""Mr"", ""Mewtwo"", ""Nidoran"", ""Nidorino"", ""Nidoking"", ""Tangela""]}"
"{:name=>""Bug Buzz"", :valid_pokemons=>[""Butterfree"", ""Venomoth"", ""Venomoth"", ""Scyther""]}"
"{:name=>""Psychic"", :valid_pokemons=>[""Venonat"", ""Venomoth"", ""Kadabra"", ""Alakazam"", ""Slowpoke"", ""Slowbro"", ""Drowzee"", ""Hypno"", ""Staryu"", ""Mr"", ""Mewtwo"", ""Butterfree"", ""Clefairy"", ""Clefable"", ""Jigglypuff"", ""Wigglytuff"", ""Venonat"", ""Venomoth"", ""Psyduck"", ""Golduck"", ""Poliwag"", ""Poliwhirl"", ""Poliwrath"", ""Abra"", ""Kadabra"", ""Alakazam"", ""Slowpoke"", ""Slowbro"", ""Gastly"", ""Haunter"", ""Gengar"", ""Drowzee"", ""Hypno"", ""Exeggcute"", ""Exeggutor"", ""Chansey"", ""Staryu"", ""Starmie"", ""Mr"", ""Jynx"", ""Electabuzz"", ""Magmar"", ""Lapras"", ""Porygon"", ""Snorlax"", ""Mewtwo"", ""Porygon""]}"
"{:name=>""Signal Beam"", :valid_pokemons=>[""Venonat"", ""Venomoth"", ""Dewgong"", ""Dewgong"", ""Porygon"", ""Porygon"", ""Venonat"", ""Venomoth"", ""Seel"", ""Dewgong"", ""Horsea"", ""Seadra"", ""Goldeen"", ""Seaking"", ""Blastoise"", ""Butterfree"", ""Pikachu"", ""Raichu"", ""Clefairy"", ""Clefable"", ""Venonat"", ""Venomoth"", ""Psyduck"", ""Golduck"", ""Abra"", ""Kadabra"", ""Alakazam"", ""Slowpoke"", ""Slowbro"", ""Magnemite"", ""Magneton"", ""Seel"", ""Dewgong"", ""Cloyster"", ""Drowzee"", ""Hypno"", ""Voltorb"", ""Electrode"", ""Horsea"", ""Seadra"", ""Goldeen"", ""Seaking"", ""Staryu"", ""Starmie"", ""Mr"", ""Jynx"", ""Electabuzz"", ""Lapras"", ""Vaporeon"", ""Jolteon"", ""Porygon"", ""Articuno"", ""Zapdos"", ""Mewtwo"", ""Porygon""]}"
"{:name=>""Poison Sting"", :valid_pokemons=>[""Weedle"", ""Ekans"", ""Arbok"", ""Arbok"", ""Sandshrew"", ""Sandslash"", ""Sandslash"", ""Nidoran"", ""Nidorina"", ""Nidoqueen"", ""Nidoran"", ""Nidorino"", ""Nidoking"", ""Tentacool"", ""Tentacruel""]}"
"{:name=>""Poison Jab"", :valid_pokemons=>[""Beedrill"", ""Nidoran"", ""Nidorino"", ""Tentacool"", ""Tentacruel"", ""Rapidash"", ""Farfetch"", ""Seaking"", ""Beedrill"", ""Ekans"", ""Arbok"", ""Sandshrew"", ""Sandslash"", ""Nidoran"", ""Nidorina"", ""Nidoqueen"", ""Nidoran"", ""Nidorino"", ""Nidoking"", ""Mankey"", ""Primeape"", ""Poliwrath"", ""Machop"", ""Machoke"", ""Machamp"", ""Tentacool"", ""Tentacruel"", ""Rapidash"", ""Farfetch"", ""Grimer"", ""Muk"", ""Cloyster"", ""Haunter"", ""Gengar"", ""Hitmonlee"", ""Rhyhorn"", ""Rhydon"", ""Goldeen"", ""Seaking"", ""Mewtwo""]}"
"{:name=>""Aerial Ace"", :valid_pokemons=>[""Spearow"", ""Fearow"", ""Farfetch"", ""Charmander"", ""Charmeleon"", ""Charizard"", ""Butterfree"", ""Beedrill"", ""Pidgey"", ""Pidgeotto"", ""Pidgeot"", ""Spearow"", ""Fearow"", ""Sandshrew"", ""Sandslash"", ""Nidoran"", ""Nidorina"", ""Nidoqueen"", ""Zubat"", ""Golbat"", ""Paras"", ""Parasect"", ""Venomoth"", ""Diglett"", ""Dugtrio"", ""Meowth"", ""Persian"", ""Psyduck"", ""Golduck"", ""Mankey"", ""Primeape"", ""Growlithe"", ""Arcanine"", ""Slowbro"", ""Farfetch"", ""Doduo"", ""Dodrio"", ""Cubone"", ""Marowak"", ""Kangaskhan"", ""Mr"", ""Scyther"", ""Porygon"", ""Kabuto"", ""Kabutops"", ""Aerodactyl"", ""Articuno"", ""Zapdos"", ""Moltres"", ""Dragonite"", ""Mewtwo"", ""Porygon""]}"
"{:name=>""X-Scissor"", :valid_pokemons=>[""Paras"", ""Parasect"", ""Scyther"", ""Pinsir"", ""Beedrill"", ""Sandshrew"", ""Sandslash"", ""Paras"", ""Parasect"", ""Krabby"", ""Kingler"", ""Scyther"", ""Pinsir"", ""Kabutops""]}"
"{:name=>""Quick Attack"", :valid_pokemons=>[""Pidgey"", ""Pidgeotto"", ""Pidgeot"", ""Pidgeot"", ""Rattata"", ""Raticate"", ""Raticate"", ""Pikachu"", ""Raichu"", ""Vulpix"", ""Ninetales"", ""Rapidash"", ""Doduo"", ""Dodrio"", ""Dodrio"", ""Scyther"", ""Electabuzz"", ""Eevee"", ""Vaporeon"", ""Jolteon"", ""Flareon"", ""Spearow"", ""Fearow"", ""Zubat"", ""Golbat"", ""Farfetch"", ""Doduo"", ""Dodrio"", ""Pinsir"", ""Ponyta""]}"
"{:name=>""Air Cutter"", :valid_pokemons=>[""Zubat"", ""Golbat"", ""Farfetch"", ""Charmander"", ""Charmeleon"", ""Charizard"", ""Pidgey"", ""Pidgeotto"", ""Pidgeot"", ""Butterfree"", ""Beedrill"", ""Spearow"", ""Fearow"", ""Venomoth"", ""Doduo"", ""Dodrio"", ""Aerodactyl"", ""Articuno"", ""Zapdos"", ""Moltres"", ""Dragonite""]}"
"{:name=>""Twister"", :valid_pokemons=>[""Pidgey"", ""Pidgeotto"", ""Pidgeot"", ""Horsea"", ""Seadra"", ""Gyarados"", ""Dratini"", ""Dragonair"", ""Dragonair"", ""Dragonite"", ""Dragonite"", ""Charizard"", ""Butterfree"", ""Spearow"", ""Fearow"", ""Zubat"", ""Golbat"", ""Venomoth"", ""Farfetch"", ""Onix"", ""Staryu"", ""Starmie"", ""Aerodactyl"", ""Articuno"", ""Zapdos"", ""Moltres""]}"
"{:name=>""Steel Wing"", :valid_pokemons=>[""Charizard"", ""Pidgey"", ""Pidgeotto"", ""Pidgeot"", ""Spearow"", ""Fearow"", ""Zubat"", ""Golbat"", ""Farfetch"", ""Doduo"", ""Dodrio"", ""Scyther"", ""Aerodactyl"", ""Articuno"", ""Zapdos"", ""Moltres"", ""Dragonite"", ""Pidgey"", ""Pidgeotto"", ""Pidgeot"", ""Spearow"", ""Fearow"", ""Zubat"", ""Golbat"", ""Farfetch"", ""Scyther"", ""Aerodactyl""]}"
"{:name=>""Hurricane"", :valid_pokemons=>[""Pidgey"", ""Pidgeotto"", ""Pidgeot"", ""Pidgeot"", ""Articuno"", ""Articuno"", ""Moltres"", ""Moltres"", ""Dragonite"", ""Dragonite""]}"
"{:name=>""Body Slam"", :valid_pokemons=>[""Nidoqueen"", ""Clefairy"", ""Jigglypuff"", ""Poliwag"", ""Poliwhirl"", ""Jynx"", ""Lapras"", ""Snorlax"", ""Growlithe"", ""Arcanine"", ""Lickitung"", ""Goldeen"", ""Seaking"", ""Bulbasaur"", ""Ivysaur"", ""Venusaur"", ""Charmander"", ""Charmeleon"", ""Charizard"", ""Squirtle"", ""Wartortle"", ""Blastoise"", ""Rattata"", ""Raticate"", ""Ekans"", ""Arbok"", ""Pikachu"", ""Raichu"", ""Sandshrew"", ""Sandslash"", ""Nidoran"", ""Nidorina"", ""Nidoran"", ""Nidorino"", ""Nidoking"", ""Vulpix"", ""Ninetales"", ""Vileplume"", ""Paras"", ""Parasect"", ""Diglett"", ""Dugtrio"", ""Meowth"", ""Persian"", ""Psyduck"", ""Golduck"", ""Mankey"", ""Primeape"", ""Abra"", ""Kadabra"", ""Alakazam"", ""Machop"", ""Machoke"", ""Machamp"", ""Victreebel"", ""Geodude"", ""Graveler"", ""Golem"", ""Ponyta"", ""Rapidash"", ""Slowpoke"", ""Slowbro"", ""Farfetch"", ""Doduo"", ""Dodrio"", ""Seel"", ""Dewgong"", ""Grimer"", ""Muk"", ""Gengar"", ""Onix"", ""Drowzee"", ""Hypno"", ""Krabby"", ""Kingler"", ""Cubone"", ""Marowak"", ""Hitmonlee"", ""Hitmonchan"", ""Rhyhorn"", ""Rhydon"", ""Chansey"", ""Tangela"", ""Kangaskhan"", ""Mr"", ""Electabuzz"", ""Magmar"", ""Pinsir"", ""Tauros"", ""Gyarados"", ""Eevee"", ""Vaporeon"", ""Jolteon"", ""Flareon"", ""Omanyte"", ""Omastar"", ""Kabuto"", ""Kabutops"", ""Dratini"", ""Dragonair"", ""Dragonite"", ""Mewtwo""]}"
"{:name=>""Dig"", :valid_pokemons=>[""Sandshrew"", ""Sandslash"", ""Diglett"", ""Dugtrio"", ""Onix"", ""Zygarde"", ""Charmander"", ""Charmeleon"", ""Charizard"", ""Squirtle"", ""Wartortle"", ""Blastoise"", ""Rattata"", ""Raticate"", ""Ekans"", ""Arbok"", ""Pikachu"", ""Raichu"", ""Sandshrew"", ""Sandslash"", ""Nidoran"", ""Nidorina"", ""Nidoqueen"", ""Nidoran"", ""Nidorino"", ""Nidoking"", ""Clefairy"", ""Clefable"", ""Vulpix"", ""Ninetales"", ""Jigglypuff"", ""Wigglytuff"", ""Paras"", ""Parasect"", ""Diglett"", ""Dugtrio"", ""Meowth"", ""Persian"", ""Psyduck"", ""Golduck"", ""Mankey"", ""Primeape"", ""Growlithe"", ""Arcanine"", ""Poliwag"", ""Poliwhirl"", ""Poliwrath"", ""Machop"", ""Machoke"", ""Machamp"", ""Geodude"", ""Graveler"", ""Golem"", ""Slowpoke"", ""Slowbro"", ""Grimer"", ""Muk"", ""Onix"", ""Krabby"", ""Kingler"", ""Cubone"", ""Marowak"", ""Lickitung"", ""Rhyhorn"", ""Rhydon"", ""Kangaskhan"", ""Pinsir"", ""Eevee"", ""Vaporeon"", ""Jolteon"", ""Flareon"", ""Kabuto"", ""Kabutops"", ""Zygarde""]}"
"{:name=>""Hyper Fang"", :valid_pokemons=>[""Rattata"", ""Raticate""]}"
"{:name=>""Hyper Beam"", :valid_pokemons=>[""Gyarados"", ""Aerodactyl"", ""Dratini"", ""Dragonair"", ""Dragonite"", ""Porygon"", ""Venusaur"", ""Charizard"", ""Blastoise"", ""Butterfree"", ""Beedrill"", ""Pidgeot"", ""Raticate"", ""Fearow"", ""Arbok"", ""Raichu"", ""Sandslash"", ""Nidoqueen"", ""Nidoking"", ""Clefable"", ""Ninetales"", ""Wigglytuff"", ""Golbat"", ""Vileplume"", ""Parasect"", ""Venomoth"", ""Dugtrio"", ""Persian"", ""Golduck"", ""Primeape"", ""Arcanine"", ""Poliwrath"", ""Alakazam"", ""Machamp"", ""Victreebel"", ""Tentacruel"", ""Golem"", ""Rapidash"", ""Slowbro"", ""Magneton"", ""Dodrio"", ""Dewgong"", ""Muk"", ""Cloyster"", ""Gengar"", ""Hypno"", ""Kingler"", ""Electrode"", ""Exeggutor"", ""Marowak"", ""Lickitung"", ""Weezing"", ""Rhydon"", ""Chansey"", ""Tangela"", ""Kangaskhan"", ""Seadra"", ""Seaking"", ""Starmie"", ""Mr"", ""Scyther"", ""Jynx"", ""Electabuzz"", ""Magmar"", ""Pinsir"", ""Tauros"", ""Gyarados"", ""Lapras"", ""Vaporeon"", ""Jolteon"", ""Flareon"", ""Porygon"", ""Omastar"", ""Kabutops"", ""Aerodactyl"", ""Snorlax"", ""Articuno"", ""Zapdos"", ""Moltres"", ""Dratini"", ""Dragonair"", ""Dragonite"", ""Mewtwo"", ""Porygon"", ""Zygarde""]}"
"{:name=>""Peck"", :valid_pokemons=>[""Spearow"", ""Fearow"", ""Nidoran"", ""Nidorino"", ""Nidoking"", ""Farfetch"", ""Doduo"", ""Dodrio"", ""Goldeen"", ""Seaking"", ""Zapdos""]}"
"{:name=>""Drill Peck"", :valid_pokemons=>[""Spearow"", ""Fearow"", ""Doduo"", ""Dodrio"", ""Zapdos"", ""Zapdos""]}"
"{:name=>""Drill Run"", :valid_pokemons=>[""Fearow"", ""Fearow"", ""Rhyhorn"", ""Rhydon"", ""Beedrill"", ""Spearow"", ""Fearow"", ""Nidoqueen"", ""Nidoran"", ""Nidorino"", ""Nidoking"", ""Rapidash"", ""Seel"", ""Dewgong"", ""Rhyhorn"", ""Rhydon"", ""Goldeen"", ""Seaking"", ""Lapras""]}"
"{:name=>""Acid"", :valid_pokemons=>[""Ekans"", ""Arbok"", ""Oddish"", ""Gloom"", ""Gloom"", ""Bellsprout"", ""Weepinbell"", ""Tentacool"", ""Tentacruel"", ""Tentacruel""]}"
"{:name=>""Gunk Shot"", :valid_pokemons=>[""Ekans"", ""Arbok"", ""Grimer"", ""Muk"", ""Ekans"", ""Arbok"", ""Meowth"", ""Persian"", ""Mankey"", ""Primeape"", ""Grimer"", ""Muk"", ""Snorlax""]}"
"{:name=>""Wrap"", :valid_pokemons=>[""Ekans"", ""Arbok"", ""Bellsprout"", ""Weepinbell"", ""Weepinbell"", ""Tentacool"", ""Tentacruel"", ""Lickitung"", ""Dratini"", ""Dragonair"", ""Dragonite""]}"
"{:name=>""Dark Pulse"", :valid_pokemons=>[""Gastly"", ""Haunter"", ""Gengar"", ""Blastoise"", ""Ekans"", ""Arbok"", ""Vulpix"", ""Ninetales"", ""Meowth"", ""Persian"", ""Muk"", ""Gastly"", ""Haunter"", ""Gengar"", ""Koffing"", ""Weezing"", ""Gyarados""]}"
"{:name=>""Sludge Wave"", :valid_pokemons=>[""Tentacool"", ""Tentacruel"", ""Grimer"", ""Muk"", ""Ekans"", ""Arbok"", ""Nidoqueen"", ""Nidoking"", ""Dugtrio"", ""Tentacool"", ""Tentacruel"", ""Grimer"", ""Muk"", ""Zygarde""]}"
"{:name=>""Thunder Shock"", :valid_pokemons=>[""Pikachu"", ""Raichu"", ""Magnemite"", ""Magneton"", ""Magneton"", ""Electabuzz"", ""Electabuzz"", ""Jolteon"", ""Zapdos""]}"
"{:name=>""Discharge"", :valid_pokemons=>[""Pikachu"", ""Magnemite"", ""Magneton"", ""Voltorb"", ""Electrode"", ""Electabuzz"", ""Jolteon"", ""Porygon"", ""Zapdos"", ""Porygon""]}"
"{:name=>""Thunder"", :valid_pokemons=>[""Pikachu"", ""Electabuzz"", ""Jolteon"", ""Zapdos"", ""Rattata"", ""Raticate"", ""Pikachu"", ""Raichu"", ""Nidoran"", ""Nidorina"", ""Nidoqueen"", ""Nidoran"", ""Nidorino"", ""Nidoking"", ""Clefairy"", ""Clefable"", ""Jigglypuff"", ""Wigglytuff"", ""Meowth"", ""Persian"", ""Mankey"", ""Primeape"", ""Magnemite"", ""Magneton"", ""Grimer"", ""Muk"", ""Gengar"", ""Voltorb"", ""Electrode"", ""Lickitung"", ""Koffing"", ""Weezing"", ""Rhyhorn"", ""Rhydon"", ""Chansey"", ""Kangaskhan"", ""Staryu"", ""Starmie"", ""Mr"", ""Electabuzz"", ""Tauros"", ""Gyarados"", ""Lapras"", ""Jolteon"", ""Porygon"", ""Snorlax"", ""Zapdos"", ""Dratini"", ""Dragonair"", ""Dragonite"", ""Mewtwo"", ""Porygon""]}"
"{:name=>""Thunderbolt"", :valid_pokemons=>[""Pikachu"", ""Raichu"", ""Electabuzz"", ""Rattata"", ""Raticate"", ""Pikachu"", ""Raichu"", ""Nidoran"", ""Nidorina"", ""Nidoqueen"", ""Nidoran"", ""Nidorino"", ""Nidoking"", ""Clefairy"", ""Clefable"", ""Jigglypuff"", ""Wigglytuff"", ""Meowth"", ""Persian"", ""Mankey"", ""Primeape"", ""Magnemite"", ""Magneton"", ""Grimer"", ""Muk"", ""Gastly"", ""Haunter"", ""Gengar"", ""Voltorb"", ""Electrode"", ""Lickitung"", ""Koffing"", ""Weezing"", ""Rhyhorn"", ""Rhydon"", ""Chansey"", ""Kangaskhan"", ""Staryu"", ""Starmie"", ""Mr"", ""Electabuzz"", ""Tauros"", ""Gyarados"", ""Lapras"", ""Jolteon"", ""Porygon"", ""Snorlax"", ""Zapdos"", ""Dratini"", ""Dragonair"", ""Dragonite"", ""Mewtwo"", ""Porygon"", ""Bulbasaur"", ""Ivysaur"", ""Venusaur"", ""Oddish"", ""Gloom"", ""Vileplume"", ""Paras"", ""Parasect"", ""Bellsprout"", ""Weepinbell"", ""Victreebel"", ""Geodude"", ""Graveler"", ""Golem"", ""Onix"", ""Exeggcute"", ""Exeggutor"", ""Tangela"", ""Kabutops""]}"
"{:name=>""Spark"", :valid_pokemons=>[""Pikachu"", ""Magnemite"", ""Magneton"", ""Voltorb"", ""Electrode"", ""Electrode""]}"
"{:name=>""Brick Break"", :valid_pokemons=>[""Hitmonlee"", ""Pinsir"", ""Charmander"", ""Charmeleon"", ""Charizard"", ""Squirtle"", ""Wartortle"", ""Blastoise"", ""Beedrill"", ""Pikachu"", ""Raichu"", ""Sandshrew"", ""Sandslash"", ""Nidoqueen"", ""Nidoking"", ""Clefairy"", ""Clefable"", ""Jigglypuff"", ""Wigglytuff"", ""Paras"", ""Parasect"", ""Psyduck"", ""Golduck"", ""Mankey"", ""Primeape"", ""Poliwhirl"", ""Poliwrath"", ""Machop"", ""Machoke"", ""Machamp"", ""Geodude"", ""Graveler"", ""Golem"", ""Slowbro"", ""Muk"", ""Gengar"", ""Drowzee"", ""Hypno"", ""Krabby"", ""Kingler"", ""Cubone"", ""Marowak"", ""Hitmonlee"", ""Hitmonchan"", ""Lickitung"", ""Rhydon"", ""Chansey"", ""Kangaskhan"", ""Mr"", ""Scyther"", ""Jynx"", ""Electabuzz"", ""Magmar"", ""Pinsir"", ""Kabutops"", ""Snorlax"", ""Dragonite"", ""Mewtwo"", ""Zygarde""]}"
"{:name=>""Thunder Punch"", :valid_pokemons=>[""Hitmonchan"", ""Electabuzz"", ""Dragonite"", ""Pikachu"", ""Raichu"", ""Abra"", ""Kadabra"", ""Alakazam"", ""Machop"", ""Machoke"", ""Machamp"", ""Gastly"", ""Haunter"", ""Gengar"", ""Drowzee"", ""Hypno"", ""Magmar"", ""Charmander"", ""Charmeleon"", ""Charizard"", ""Pikachu"", ""Raichu"", ""Nidoqueen"", ""Nidoking"", ""Clefairy"", ""Clefable"", ""Jigglypuff"", ""Wigglytuff"", ""Mankey"", ""Primeape"", ""Abra"", ""Kadabra"", ""Alakazam"", ""Machop"", ""Machoke"", ""Machamp"", ""Geodude"", ""Graveler"", ""Golem"", ""Grimer"", ""Muk"", ""Gastly"", ""Haunter"", ""Gengar"", ""Drowzee"", ""Hypno"", ""Cubone"", ""Marowak"", ""Hitmonchan"", ""Lickitung"", ""Rhydon"", ""Chansey"", ""Kangaskhan"", ""Mr"", ""Electabuzz"", ""Magmar"", ""Snorlax"", ""Dragonite"", ""Mewtwo""]}"
"{:name=>""Mud Shot"", :valid_pokemons=>[""Poliwag"", ""Poliwhirl"", ""Krabby"", ""Kingler"", ""Omanyte"", ""Omastar"", ""Kabuto"", ""Kabutops"", ""Sandshrew"", ""Sandslash"", ""Poliwag"", ""Poliwhirl"", ""Poliwrath"", ""Shellder"", ""Cloyster"", ""Goldeen"", ""Seaking"", ""Kabuto"", ""Kabutops""]}"
"{:name=>""Rock Slide"", :valid_pokemons=>[""Onix"", ""Aerodactyl"", ""Charmander"", ""Charmeleon"", ""Charizard"", ""Blastoise"", ""Ekans"", ""Arbok"", ""Sandshrew"", ""Sandslash"", ""Nidoqueen"", ""Nidoking"", ""Diglett"", ""Dugtrio"", ""Mankey"", ""Primeape"", ""Poliwrath"", ""Machop"", ""Machoke"", ""Machamp"", ""Geodude"", ""Graveler"", ""Golem"", ""Grimer"", ""Muk"", ""Onix"", ""Krabby"", ""Kingler"", ""Cubone"", ""Marowak"", ""Hitmonlee"", ""Hitmonchan"", ""Lickitung"", ""Rhyhorn"", ""Rhydon"", ""Chansey"", ""Kangaskhan"", ""Pinsir"", ""Tauros"", ""Omanyte"", ""Omastar"", ""Kabuto"", ""Kabutops"", ""Aerodactyl"", ""Snorlax"", ""Dragonite"", ""Mewtwo"", ""Zygarde""]}"
"{:name=>""Rock Tomb"", :valid_pokemons=>[""Onix"", ""Charmander"", ""Charmeleon"", ""Charizard"", ""Squirtle"", ""Wartortle"", ""Blastoise"", ""Ekans"", ""Arbok"", ""Sandshrew"", ""Sandslash"", ""Nidoqueen"", ""Nidoking"", ""Diglett"", ""Dugtrio"", ""Mankey"", ""Primeape"", ""Poliwrath"", ""Machop"", ""Machoke"", ""Machamp"", ""Geodude"", ""Graveler"", ""Golem"", ""Grimer"", ""Muk"", ""Onix"", ""Krabby"", ""Kingler"", ""Cubone"", ""Marowak"", ""Hitmonlee"", ""Hitmonchan"", ""Lickitung"", ""Rhyhorn"", ""Rhydon"", ""Chansey"", ""Kangaskhan"", ""Pinsir"", ""Tauros"", ""Omanyte"", ""Omastar"", ""Kabuto"", ""Kabutops"", ""Aerodactyl"", ""Snorlax"", ""Dragonite"", ""Mewtwo""]}"
"{:name=>""Metal Claw"", :valid_pokemons=>[""Krabby"", ""Kingler"", ""Charmander"", ""Charmeleon"", ""Charizard"", ""Sandshrew"", ""Sandslash"", ""Paras"", ""Parasect""]}"
"{:name=>""Bulldoze"", :valid_pokemons=>[""Diglett"", ""Dugtrio"", ""Geodude"", ""Graveler"", ""Golem"", ""Rhyhorn"", ""Rhydon"", ""Zygarde"", ""Venusaur"", ""Charizard"", ""Blastoise"", ""Ekans"", ""Arbok"", ""Sandshrew"", ""Sandslash"", ""Nidoqueen"", ""Nidoking"", ""Diglett"", ""Dugtrio"", ""Mankey"", ""Primeape"", ""Arcanine"", ""Poliwhirl"", ""Poliwrath"", ""Machop"", ""Machoke"", ""Machamp"", ""Geodude"", ""Graveler"", ""Golem"", ""Slowpoke"", ""Slowbro"", ""Onix"", ""Cubone"", ""Marowak"", ""Hitmonlee"", ""Hitmonchan"", ""Lickitung"", ""Rhyhorn"", ""Rhydon"", ""Chansey"", ""Kangaskhan"", ""Pinsir"", ""Tauros"", ""Gyarados"", ""Lapras"", ""Aerodactyl"", ""Snorlax"", ""Dragonite"", ""Mewtwo"", ""Zygarde""]}"
"{:name=>""Earthquake"", :valid_pokemons=>[""Sandshrew"", ""Sandslash"", ""Diglett"", ""Dugtrio"", ""Geodude"", ""Graveler"", ""Golem"", ""Rhyhorn"", ""Rhydon"", ""Zygarde"", ""Venusaur"", ""Charizard"", ""Blastoise"", ""Ekans"", ""Arbok"", ""Sandshrew"", ""Sandslash"", ""Nidoqueen"", ""Nidoking"", ""Diglett"", ""Dugtrio"", ""Mankey"", ""Primeape"", ""Poliwhirl"", ""Poliwrath"", ""Machop"", ""Machoke"", ""Machamp"", ""Geodude"", ""Graveler"", ""Golem"", ""Slowpoke"", ""Slowbro"", ""Onix"", ""Cubone"", ""Marowak"", ""Hitmonlee"", ""Hitmonchan"", ""Lickitung"", ""Rhyhorn"", ""Rhydon"", ""Chansey"", ""Kangaskhan"", ""Pinsir"", ""Tauros"", ""Gyarados"", ""Aerodactyl"", ""Snorlax"", ""Dragonite"", ""Mewtwo"", ""Zygarde""]}"
"{:name=>""Poison Fang"", :valid_pokemons=>[""Nidoran"", ""Nidorina"", ""Zubat"", ""Golbat"", ""Venonat"", ""Venomoth"", ""Ekans"", ""Arbok""]}"
"{:name=>""Stone Edge"", :valid_pokemons=>[""Geodude"", ""Graveler"", ""Golem"", ""Onix"", ""Rhyhorn"", ""Rhydon"", ""Sandslash"", ""Nidoqueen"", ""Nidoking"", ""Dugtrio"", ""Primeape"", ""Machamp"", ""Geodude"", ""Graveler"", ""Golem"", ""Onix"", ""Marowak"", ""Hitmonlee"", ""Hitmonchan"", ""Rhyhorn"", ""Rhydon"", ""Pinsir"", ""Tauros"", ""Gyarados"", ""Omastar"", ""Kabutops"", ""Aerodactyl"", ""Dragonite"", ""Mewtwo"", ""Zygarde""]}"
"{:name=>""Horn Attack"", :valid_pokemons=>[""Nidoran"", ""Nidorino"", ""Rhyhorn"", ""Rhydon"", ""Goldeen"", ""Seaking"", ""Tauros""]}"
"{:name=>""Fury Cutter"", :valid_pokemons=>[""Sandshrew"", ""Sandslash"", ""Paras"", ""Parasect"", ""Farfetch"", ""Scyther"", ""Bulbasaur"", ""Ivysaur"", ""Venusaur"", ""Charmander"", ""Charmeleon"", ""Charizard"", ""Beedrill"", ""Nidoqueen"", ""Nidoking"", ""Golduck"", ""Golem"", ""Slowbro"", ""Krabby"", ""Kingler"", ""Cubone"", ""Marowak"", ""Rhydon"", ""Kangaskhan"", ""Goldeen"", ""Seaking"", ""Pinsir"", ""Kabutops"", ""Dragonite""]}"
"{:name=>""Megahorn"", :valid_pokemons=>[""Nidoking"", ""Nidoking"", ""Rapidash"", ""Rhyhorn"", ""Rhydon"", ""Goldeen"", ""Seaking"", ""Seaking""]}"
"{:name=>""Pound"", :valid_pokemons=>[""Clefairy"", ""Jigglypuff"", ""Grimer"", ""Muk"", ""Drowzee"", ""Hypno"", ""Chansey"", ""Jynx""]}"
"{:name=>""Zen Headbutt"", :valid_pokemons=>[""Venonat"", ""Venomoth"", ""Psyduck"", ""Golduck"", ""Slowpoke"", ""Slowbro"", ""Drowzee"", ""Hypno"", ""Tauros"", ""Zubat"", ""Golbat"", ""Slowpoke"", ""Slowbro"", ""Lickitung"", ""Snorlax"", ""Squirtle"", ""Wartortle"", ""Blastoise"", ""Rattata"", ""Raticate"", ""Clefairy"", ""Clefable"", ""Vulpix"", ""Ninetales"", ""Zubat"", ""Golbat"", ""Venonat"", ""Venomoth"", ""Psyduck"", ""Golduck"", ""Abra"", ""Kadabra"", ""Alakazam"", ""Slowpoke"", ""Slowbro"", ""Drowzee"", ""Hypno"", ""Exeggutor"", ""Lickitung"", ""Chansey"", ""Mr"", ""Jynx"", ""Tauros"", ""Lapras"", ""Porygon"", ""Snorlax"", ""Mewtwo"", ""Porygon"", ""Zygarde""]}"
"{:name=>""Disarming Voice"", :valid_pokemons=>[""Clefairy"", ""Clefable"", ""Jigglypuff"", ""Pikachu"", ""Raichu""]}"
"{:name=>""Moonblast"", :valid_pokemons=>[""Clefairy"", ""Oddish"", ""Bulbasaur"", ""Ivysaur"", ""Venusaur"", ""Oddish"", ""Gloom"", ""Vileplume"", ""Paras"", ""Parasect"", ""Bellsprout"", ""Weepinbell"", ""Victreebel"", ""Geodude"", ""Graveler"", ""Golem"", ""Onix"", ""Exeggcute"", ""Exeggutor"", ""Tangela"", ""Kabutops""]}"
"{:name=>""Dazzling Gleam"", :valid_pokemons=>[""Clefairy"", ""Clefable"", ""Jigglypuff"", ""Wigglytuff"", ""Oddish"", ""Gloom"", ""Vileplume"", ""Abra"", ""Kadabra"", ""Alakazam"", ""Tentacool"", ""Tentacruel"", ""Gastly"", ""Haunter"", ""Gengar"", ""Drowzee"", ""Hypno"", ""Chansey"", ""Staryu"", ""Starmie"", ""Mr""]}"
"{:name=>""Feint Attack"", :valid_pokemons=>[""Vulpix"", ""Meowth"", ""Persian"", ""Magmar"", ""Pidgey"", ""Pidgeotto"", ""Pidgeot"", ""Spearow"", ""Fearow"", ""Vulpix"", ""Ninetales"", ""Jigglypuff"", ""Wigglytuff"", ""Zubat"", ""Golbat"", ""Diglett"", ""Dugtrio"", ""Doduo"", ""Dodrio"", ""Pinsir""]}"
"{:name=>""Heat Wave"", :valid_pokemons=>[""Charizard"", ""Charizard"", ""Growlithe"", ""Moltres"", ""Moltres"", ""Vulpix"", ""Ninetales"", ""Growlithe"", ""Arcanine"", ""Charmander"", ""Charmeleon"", ""Charizard"", ""Pidgey"", ""Pidgeotto"", ""Pidgeot"", ""Spearow"", ""Fearow"", ""Vulpix"", ""Ninetales"", ""Zubat"", ""Golbat"", ""Growlithe"", ""Arcanine"", ""Ponyta"", ""Rapidash"", ""Farfetch"", ""Magmar"", ""Flareon"", ""Aerodactyl"", ""Zapdos"", ""Moltres"", ""Dragonite""]}"
"{:name=>""Play Rough"", :valid_pokemons=>[""Wigglytuff"", ""Persian""]}"
"{:name=>""Ominous Wind"", :valid_pokemons=>[""Charizard"", ""Butterfree"", ""Beedrill"", ""Pidgey"", ""Pidgeotto"", ""Pidgeot"", ""Spearow"", ""Fearow"", ""Vulpix"", ""Ninetales"", ""Zubat"", ""Golbat"", ""Venomoth"", ""Farfetch"", ""Gastly"", ""Haunter"", ""Gengar"", ""Scyther"", ""Aerodactyl"", ""Articuno"", ""Zapdos"", ""Moltres"", ""Dragonite""]}"
"{:name=>""Cross Poison"", :valid_pokemons=>[""Parasect"", ""Paras"", ""Parasect""]}"
"{:name=>""Psybeam"", :valid_pokemons=>[""Butterfree"", ""Venonat"", ""Venomoth"", ""Kadabra"", ""Alakazam"", ""Drowzee"", ""Hypno"", ""Mr"", ""Porygon"", ""Porygon"", ""Paras"", ""Parasect"", ""Psyduck"", ""Golduck"", ""Koffing"", ""Weezing"", ""Goldeen"", ""Seaking""]}"
"{:name=>""Shadow Ball"", :valid_pokemons=>[""Gastly"", ""Haunter"", ""Gengar"", ""Butterfree"", ""Rattata"", ""Raticate"", ""Nidoqueen"", ""Nidoking"", ""Clefairy"", ""Clefable"", ""Jigglypuff"", ""Wigglytuff"", ""Zubat"", ""Golbat"", ""Meowth"", ""Persian"", ""Abra"", ""Kadabra"", ""Alakazam"", ""Slowpoke"", ""Slowbro"", ""Grimer"", ""Muk"", ""Gastly"", ""Haunter"", ""Gengar"", ""Drowzee"", ""Hypno"", ""Lickitung"", ""Koffing"", ""Weezing"", ""Chansey"", ""Kangaskhan"", ""Mr"", ""Jynx"", ""Eevee"", ""Vaporeon"", ""Jolteon"", ""Flareon"", ""Porygon"", ""Snorlax"", ""Mewtwo"", ""Porygon""]}"
"{:name=>""Mud Bomb"", :valid_pokemons=>[""Ekans"", ""Arbok"", ""Diglett"", ""Dugtrio"", ""Poliwag"", ""Poliwhirl"", ""Grimer"", ""Muk"", ""Diglett"", ""Dugtrio"", ""Psyduck"", ""Golduck"", ""Chansey"", ""Bulbasaur"", ""Ivysaur"", ""Venusaur"", ""Oddish"", ""Gloom"", ""Vileplume"", ""Paras"", ""Parasect"", ""Bellsprout"", ""Weepinbell"", ""Victreebel"", ""Geodude"", ""Graveler"", ""Golem"", ""Onix"", ""Exeggcute"", ""Exeggutor"", ""Tangela"", ""Kabutops""]}"
"{:name=>""Sucker Punch"", :valid_pokemons=>[""Rattata"", ""Raticate"", ""Diglett"", ""Dugtrio"", ""Gastly"", ""Haunter"", ""Gengar"", ""Kangaskhan"", ""Ekans"", ""Arbok"", ""Nidoran"", ""Nidorino"", ""Nidoking"", ""Bellsprout"", ""Weepinbell"", ""Victreebel"", ""Geodude"", ""Graveler"", ""Golem"", ""Voltorb"", ""Electrode"", ""Hitmonlee""]}"
"{:name=>""Night Slash"", :valid_pokemons=>[""Dugtrio"", ""Meowth"", ""Persian"", ""Farfetch"", ""Scyther"", ""Kabutops"", ""Kabutops"", ""Sandshrew"", ""Sandslash"", ""Mankey"", ""Primeape"", ""Farfetch"", ""Scyther""]}"
"{:name=>""Power Gem"", :valid_pokemons=>[""Persian"", ""Staryu"", ""Bulbasaur"", ""Ivysaur"", ""Venusaur"", ""Oddish"", ""Gloom"", ""Vileplume"", ""Paras"", ""Parasect"", ""Bellsprout"", ""Weepinbell"", ""Victreebel"", ""Geodude"", ""Graveler"", ""Golem"", ""Onix"", ""Exeggcute"", ""Exeggutor"", ""Tangela"", ""Kabutops""]}"
"{:name=>""Cross Chop"", :valid_pokemons=>[""Mankey"", ""Primeape"", ""Machop"", ""Machoke"", ""Machamp"", ""Psyduck"", ""Golduck"", ""Electabuzz"", ""Magmar""]}"
"{:name=>""Karate Chop"", :valid_pokemons=>[""Mankey"", ""Primeape"", ""Machop"", ""Machoke"", ""Machoke"", ""Machamp"", ""Machamp"", ""Electabuzz"", ""Magmar""]}"
"{:name=>""Low Sweep"", :valid_pokemons=>[""Machop"", ""Machoke"", ""Machamp"", ""Golduck"", ""Mankey"", ""Primeape"", ""Poliwrath"", ""Machop"", ""Machoke"", ""Machamp"", ""Drowzee"", ""Hypno"", ""Hitmonlee"", ""Hitmonchan"", ""Electabuzz"", ""Magmar"", ""Mewtwo""]}"
"{:name=>""Low Kick"", :valid_pokemons=>[""Mankey"", ""Primeape"", ""Machop"", ""Machoke"", ""Machamp"", ""Electabuzz"", ""Ponyta"", ""Rapidash"", ""Golduck"", ""Mankey"", ""Primeape"", ""Machop"", ""Machoke"", ""Machamp"", ""Ponyta"", ""Rapidash"", ""Drowzee"", ""Hypno"", ""Exeggutor"", ""Cubone"", ""Marowak"", ""Hitmonlee"", ""Hitmonchan"", ""Kangaskhan"", ""Electabuzz"", ""Magmar"", ""Kabutops"", ""Mewtwo""]}"
"{:name=>""Flame Wheel"", :valid_pokemons=>[""Growlithe"", ""Ponyta"", ""Rapidash"", ""Rattata"", ""Raticate"", ""Ponyta"", ""Rapidash""]}"
"{:name=>""Fire Fang"", :valid_pokemons=>[""Charmander"", ""Charmeleon"", ""Charizard"", ""Arbok"", ""Growlithe"", ""Arcanine"", ""Flareon"", ""Aerodactyl"", ""Rhyhorn"", ""Rhydon""]}"
"{:name=>""Bubble Beam"", :valid_pokemons=>[""Poliwag"", ""Poliwhirl"", ""Poliwrath"", ""Tentacool"", ""Tentacruel"", ""Krabby"", ""Kingler"", ""Horsea"", ""Seadra"", ""Staryu"", ""Poliwag"", ""Poliwhirl"", ""Poliwrath"", ""Shellder"", ""Cloyster"", ""Omanyte"", ""Omastar"", ""Kabuto"", ""Kabutops""]}"
"{:name=>""Scald"", :valid_pokemons=>[""Squirtle"", ""Wartortle"", ""Blastoise"", ""Psyduck"", ""Golduck"", ""Poliwag"", ""Poliwhirl"", ""Poliwrath"", ""Tentacool"", ""Tentacruel"", ""Slowpoke"", ""Slowbro"", ""Krabby"", ""Kingler"", ""Horsea"", ""Seadra"", ""Goldeen"", ""Seaking"", ""Staryu"", ""Starmie"", ""Gyarados"", ""Vaporeon"", ""Omanyte"", ""Omastar"", ""Kabuto"", ""Kabutops""]}"
"{:name=>""Ice Punch"", :valid_pokemons=>[""Hitmonchan"", ""Jynx"", ""Abra"", ""Kadabra"", ""Alakazam"", ""Machop"", ""Machoke"", ""Machamp"", ""Gastly"", ""Haunter"", ""Gengar"", ""Drowzee"", ""Hypno"", ""Jynx"", ""Electabuzz"", ""Squirtle"", ""Wartortle"", ""Blastoise"", ""Nidoqueen"", ""Nidoking"", ""Clefairy"", ""Clefable"", ""Jigglypuff"", ""Wigglytuff"", ""Psyduck"", ""Golduck"", ""Mankey"", ""Primeape"", ""Poliwhirl"", ""Poliwrath"", ""Abra"", ""Kadabra"", ""Alakazam"", ""Machop"", ""Machoke"", ""Machamp"", ""Slowbro"", ""Grimer"", ""Muk"", ""Gastly"", ""Haunter"", ""Gengar"", ""Drowzee"", ""Hypno"", ""Hitmonchan"", ""Lickitung"", ""Rhydon"", ""Chansey"", ""Kangaskhan"", ""Mr"", ""Jynx"", ""Electabuzz"", ""Snorlax"", ""Dragonite"", ""Mewtwo""]}"
"{:name=>""Submission"", :valid_pokemons=>[""Poliwrath"", ""Machop"", ""Machoke"", ""Machamp"", ""Pinsir""]}"
"{:name=>""Psyshock"", :valid_pokemons=>[""Drowzee"", ""Hypno"", ""Exeggutor"", ""Clefairy"", ""Clefable"", ""Ninetales"", ""Psyduck"", ""Golduck"", ""Abra"", ""Kadabra"", ""Alakazam"", ""Slowpoke"", ""Slowbro"", ""Drowzee"", ""Hypno"", ""Exeggutor"", ""Starmie"", ""Mr"", ""Jynx"", ""Porygon"", ""Mewtwo"", ""Porygon""]}"
"{:name=>""Psycho Cut"", :valid_pokemons=>[""Kadabra"", ""Alakazam"", ""Mewtwo"", ""Drowzee"", ""Hypno""]}"
"{:name=>""Bullet Punch"", :valid_pokemons=>[""Hitmonchan"", ""Machop"", ""Machoke"", ""Machamp"", ""Hitmonlee"", ""Hitmonchan""]}"
"{:name=>""Leaf Blade"", :valid_pokemons=>[""Victreebel"", ""Farfetch""]}"
"{:name=>""Blizzard"", :valid_pokemons=>[""Jynx"", ""Articuno"", ""Squirtle"", ""Wartortle"", ""Blastoise"", ""Rattata"", ""Raticate"", ""Nidoran"", ""Nidorina"", ""Nidoqueen"", ""Nidoran"", ""Nidorino"", ""Nidoking"", ""Clefairy"", ""Clefable"", ""Jigglypuff"", ""Wigglytuff"", ""Psyduck"", ""Golduck"", ""Poliwag"", ""Poliwhirl"", ""Poliwrath"", ""Tentacool"", ""Tentacruel"", ""Slowpoke"", ""Slowbro"", ""Seel"", ""Dewgong"", ""Shellder"", ""Cloyster"", ""Krabby"", ""Kingler"", ""Cubone"", ""Marowak"", ""Lickitung"", ""Rhyhorn"", ""Rhydon"", ""Chansey"", ""Kangaskhan"", ""Horsea"", ""Seadra"", ""Goldeen"", ""Seaking"", ""Staryu"", ""Starmie"", ""Jynx"", ""Tauros"", ""Gyarados"", ""Lapras"", ""Vaporeon"", ""Porygon"", ""Omanyte"", ""Omastar"", ""Kabuto"", ""Kabutops"", ""Snorlax"", ""Articuno"", ""Dratini"", ""Dragonair"", ""Dragonite"", ""Mewtwo"", ""Porygon""]}"
"{:name=>""Rock Throw"", :valid_pokemons=>[""Geodude"", ""Graveler"", ""Golem"", ""Onix""]}"
"{:name=>""Ancient Power"", :valid_pokemons=>[""Tangela"", ""Omanyte"", ""Omastar"", ""Kabuto"", ""Kabutops"", ""Aerodactyl"", ""Articuno"", ""Zapdos"", ""Moltres"", ""Charmander"", ""Charmeleon"", ""Charizard"", ""Diglett"", ""Dugtrio"", ""Krabby"", ""Kingler"", ""Exeggcute"", ""Exeggutor"", ""Cubone"", ""Marowak"", ""Lapras"", ""Geodude"", ""Graveler"", ""Golem"", ""Onix"", ""Rhyhorn"", ""Rhydon""]}"
"{:name=>""Magnet Bomb"", :valid_pokemons=>[""Magnemite"", ""Magneton""]}"
"{:name=>""Cut"", :valid_pokemons=>[""Bulbasaur"", ""Ivysaur"", ""Venusaur"", ""Charmander"", ""Charmeleon"", ""Charizard"", ""Beedrill"", ""Rattata"", ""Raticate"", ""Sandshrew"", ""Sandslash"", ""Nidoran"", ""Nidorina"", ""Nidoqueen"", ""Nidoran"", ""Nidorino"", ""Nidoking"", ""Oddish"", ""Gloom"", ""Vileplume"", ""Paras"", ""Parasect"", ""Diglett"", ""Dugtrio"", ""Meowth"", ""Persian"", ""Bellsprout"", ""Weepinbell"", ""Victreebel"", ""Tentacool"", ""Tentacruel"", ""Farfetch"", ""Krabby"", ""Kingler"", ""Lickitung"", ""Rhydon"", ""Tangela"", ""Kangaskhan"", ""Scyther"", ""Pinsir"", ""Kabutops"", ""Dragonite""]}"
"{:name=>""Swift"", :valid_pokemons=>[""Sandshrew"", ""Sandslash"", ""Zubat"", ""Golbat"", ""Persian"", ""Voltorb"", ""Electrode"", ""Staryu"", ""Starmie"", ""Electabuzz"", ""Eevee"", ""Mewtwo"", ""Charmander"", ""Charmeleon"", ""Charizard"", ""Butterfree"", ""Beedrill"", ""Pidgey"", ""Pidgeotto"", ""Pidgeot"", ""Rattata"", ""Raticate"", ""Spearow"", ""Fearow"", ""Pikachu"", ""Raichu"", ""Vulpix"", ""Ninetales"", ""Venonat"", ""Venomoth"", ""Meowth"", ""Psyduck"", ""Golduck"", ""Mankey"", ""Primeape"", ""Growlithe"", ""Arcanine"", ""Ponyta"", ""Rapidash"", ""Slowpoke"", ""Slowbro"", ""Magnemite"", ""Magneton"", ""Farfetch"", ""Doduo"", ""Dodrio"", ""Shellder"", ""Cloyster"", ""Hitmonlee"", ""Hitmonchan"", ""Horsea"", ""Seadra"", ""Goldeen"", ""Seaking"", ""Scyther"", ""Porygon"", ""Aerodactyl"", ""Articuno"", ""Zapdos"", ""Moltres"", ""Dratini"", ""Dragonair"", ""Dragonite"", ""Porygon""]}"
"{:name=>""Ice Shard"", :valid_pokemons=>[""Seel"", ""Dewgong"", ""Shellder"", ""Lapras"", ""Articuno""]}"
"{:name=>""Icy Wind"", :valid_pokemons=>[""Seel"", ""Dewgong"", ""Dewgong"", ""Mr"", ""Kabuto"", ""Kabutops"", ""Squirtle"", ""Wartortle"", ""Blastoise"", ""Rattata"", ""Raticate"", ""Nidoqueen"", ""Nidoking"", ""Clefairy"", ""Clefable"", ""Jigglypuff"", ""Wigglytuff"", ""Meowth"", ""Persian"", ""Psyduck"", ""Golduck"", ""Poliwag"", ""Poliwhirl"", ""Poliwrath"", ""Tentacool"", ""Tentacruel"", ""Slowpoke"", ""Slowbro"", ""Seel"", ""Dewgong"", ""Shellder"", ""Cloyster"", ""Gastly"", ""Haunter"", ""Gengar"", ""Krabby"", ""Kingler"", ""Cubone"", ""Marowak"", ""Lickitung"", ""Rhyhorn"", ""Rhydon"", ""Chansey"", ""Kangaskhan"", ""Horsea"", ""Seadra"", ""Goldeen"", ""Seaking"", ""Staryu"", ""Starmie"", ""Mr"", ""Jynx"", ""Tauros"", ""Gyarados"", ""Lapras"", ""Vaporeon"", ""Porygon"", ""Omanyte"", ""Omastar"", ""Kabuto"", ""Kabutops"", ""Snorlax"", ""Articuno"", ""Dratini"", ""Dragonair"", ""Dragonite"", ""Mewtwo"", ""Porygon""]}"
"{:name=>""Frost Breath"", :valid_pokemons=>[""Dewgong"", ""Cloyster"", ""Jynx"", ""Lapras"", ""Articuno"", ""Bulbasaur"", ""Ivysaur"", ""Venusaur"", ""Oddish"", ""Gloom"", ""Vileplume"", ""Paras"", ""Parasect"", ""Bellsprout"", ""Weepinbell"", ""Victreebel"", ""Geodude"", ""Graveler"", ""Golem"", ""Onix"", ""Exeggcute"", ""Exeggutor"", ""Tangela"", ""Kabutops""]}"
"{:name=>""Mud-Slap"", :valid_pokemons=>[""Diglett"", ""Dugtrio"", ""Grimer"", ""Muk"", ""Muk"", ""Farfetch"", ""Goldeen"", ""Seaking"", ""Bulbasaur"", ""Ivysaur"", ""Venusaur"", ""Charmander"", ""Charmeleon"", ""Charizard"", ""Squirtle"", ""Wartortle"", ""Blastoise"", ""Pidgey"", ""Pidgeotto"", ""Pidgeot"", ""Rattata"", ""Raticate"", ""Spearow"", ""Fearow"", ""Pikachu"", ""Raichu"", ""Sandshrew"", ""Sandslash"", ""Nidoran"", ""Nidorina"", ""Nidoqueen"", ""Nidoran"", ""Nidorino"", ""Nidoking"", ""Clefairy"", ""Clefable"", ""Jigglypuff"", ""Wigglytuff"", ""Meowth"", ""Persian"", ""Psyduck"", ""Golduck"", ""Mankey"", ""Primeape"", ""Growlithe"", ""Arcanine"", ""Poliwhirl"", ""Poliwrath"", ""Machop"", ""Machoke"", ""Machamp"", ""Geodude"", ""Graveler"", ""Golem"", ""Slowpoke"", ""Slowbro"", ""Doduo"", ""Dodrio"", ""Onix"", ""Krabby"", ""Kingler"", ""Cubone"", ""Marowak"", ""Hitmonlee"", ""Hitmonchan"", ""Lickitung"", ""Rhyhorn"", ""Rhydon"", ""Chansey"", ""Kangaskhan"", ""Mr"", ""Jynx"", ""Electabuzz"", ""Magmar"", ""Eevee"", ""Vaporeon"", ""Jolteon"", ""Flareon"", ""Kabuto"", ""Kabutops"", ""Snorlax"", ""Articuno"", ""Zapdos"", ""Moltres"", ""Dragonite"", ""Mewtwo""]}"
"{:name=>""Sludge"", :valid_pokemons=>[""Grimer"", ""Muk"", ""Koffing"", ""Weezing"", ""Bulbasaur"", ""Ivysaur"", ""Venusaur""]}"
"{:name=>""Lick"", :valid_pokemons=>[""Gastly"", ""Haunter"", ""Gengar"", ""Lickitung"", ""Jynx"", ""Jynx"", ""Snorlax"", ""Seel"", ""Dewgong"", ""Grimer"", ""Muk"", ""Snorlax""]}"
"{:name=>""Shadow Claw"", :valid_pokemons=>[""Charizard"", ""Charmander"", ""Charmeleon"", ""Charizard"", ""Sandshrew"", ""Sandslash"", ""Nidoran"", ""Nidorina"", ""Nidoqueen"", ""Nidoran"", ""Nidorino"", ""Nidoking"", ""Diglett"", ""Dugtrio"", ""Meowth"", ""Persian"", ""Psyduck"", ""Golduck"", ""Haunter"", ""Gengar"", ""Rhydon"", ""Kangaskhan""]}"
"{:name=>""Iron Head"", :valid_pokemons=>[""Aerodactyl"", ""Aerodactyl"", ""Cubone"", ""Marowak"", ""Arcanine"", ""Golem"", ""Onix"", ""Cubone"", ""Marowak"", ""Tauros"", ""Gyarados"", ""Lapras"", ""Aerodactyl"", ""Snorlax"", ""Dragonite""]}"
"{:name=>""Vice Grip"", :valid_pokemons=>[""Krabby"", ""Kingler"", ""Kingler"", ""Pinsir""]}"
"{:name=>""Rock Smash"", :valid_pokemons=>[""Bulbasaur"", ""Ivysaur"", ""Venusaur"", ""Charmander"", ""Charmeleon"", ""Charizard"", ""Squirtle"", ""Wartortle"", ""Blastoise"", ""Beedrill"", ""Rattata"", ""Raticate"", ""Pikachu"", ""Raichu"", ""Sandshrew"", ""Sandslash"", ""Nidoran"", ""Nidorina"", ""Nidoqueen"", ""Nidoran"", ""Nidorino"", ""Nidoking"", ""Clefairy"", ""Clefable"", ""Paras"", ""Parasect"", ""Diglett"", ""Dugtrio"", ""Psyduck"", ""Golduck"", ""Mankey"", ""Primeape"", ""Growlithe"", ""Arcanine"", ""Poliwhirl"", ""Poliwrath"", ""Machop"", ""Machoke"", ""Machamp"", ""Geodude"", ""Graveler"", ""Golem"", ""Slowbro"", ""Muk"", ""Gengar"", ""Onix"", ""Krabby"", ""Kingler"", ""Cubone"", ""Marowak"", ""Hitmonlee"", ""Hitmonchan"", ""Lickitung"", ""Rhyhorn"", ""Rhydon"", ""Chansey"", ""Tangela"", ""Kangaskhan"", ""Scyther"", ""Electabuzz"", ""Magmar"", ""Pinsir"", ""Tauros"", ""Gyarados"", ""Lapras"", ""Vaporeon"", ""Jolteon"", ""Flareon"", ""Omanyte"", ""Omastar"", ""Kabuto"", ""Kabutops"", ""Aerodactyl"", ""Snorlax"", ""Articuno"", ""Zapdos"", ""Moltres"", ""Dragonite"", ""Mewtwo"", ""Zygarde""]}"
"{:name=>""Bone Club"", :valid_pokemons=>[""Cubone"", ""Marowak"", ""Marowak""]}"
"{:name=>""Stomp"", :valid_pokemons=>[""Ponyta"", ""Rapidash"", ""Krabby"", ""Kingler"", ""Exeggutor"", ""Lickitung"", ""Rhyhorn"", ""Rhydon"", ""Slowpoke"", ""Slowbro"", ""Kangaskhan""]}"
"{:name=>""Dragon Pulse"", :valid_pokemons=>[""Horsea"", ""Seadra"", ""Zygarde"", ""Charmander"", ""Charmeleon"", ""Charizard"", ""Squirtle"", ""Wartortle"", ""Blastoise"", ""Lapras"", ""Dratini"", ""Dragonair"", ""Dragonite"", ""Charmander"", ""Charmeleon"", ""Charizard"", ""Squirtle"", ""Wartortle"", ""Blastoise"", ""Nidoqueen"", ""Nidoking"", ""Arcanine"", ""Onix"", ""Rhyhorn"", ""Rhydon"", ""Horsea"", ""Seadra"", ""Gyarados"", ""Lapras"", ""Aerodactyl"", ""Dratini"", ""Dragonair"", ""Dragonite"", ""Zygarde""]}"
"{:name=>""Dragon Breath"", :valid_pokemons=>[""Onix"", ""Zygarde"", ""Horsea"", ""Seadra"", ""Aerodactyl"", ""Dratini"", ""Dragonair"", ""Dragonite""]}"
"{:name=>""Draining Kiss"", :valid_pokemons=>[""Jynx""]}"
"{:name=>""Splash"", :valid_pokemons=>[""Magikarp"", ""Clefairy"", ""Clefable"", ""Poliwag"", ""Poliwhirl"", ""Poliwrath"", ""Horsea"", ""Seadra""]}"
"{:name=>""Brine"", :valid_pokemons=>[""Tentacool"", ""Tentacruel"", ""Seel"", ""Dewgong"", ""Shellder"", ""Krabby"", ""Kingler"", ""Horsea"", ""Seadra"", ""Staryu"", ""Lapras"", ""Omanyte"", ""Omastar"", ""Squirtle"", ""Wartortle"", ""Blastoise"", ""Psyduck"", ""Golduck"", ""Slowpoke"", ""Slowbro"", ""Gyarados"", ""Vaporeon"", ""Kabuto"", ""Kabutops""]}"
